ID,District,location,Code DVR, ID Camera,project,lat,long
1,บางพลัด,ทางด่วนยกระดับฝั่งปิ่นเกล้า ขาเข้า,TF-HW-01-01-01,TF-HW-01-02-01,งานโครงการกล้องโทรทัศน์วงจรปิด(CCTV) บนเส้นทางยกระดับคู่ขนานลอยฟ้า ถนนบรมราชชนนี ,13.769933,100.48476
2,บางพลัด,ทางด่วนยกระดับฝั่งปิ่นเกล้า ขาเข้า,TF-HW-01-01-01,TF-HW-01-02-02,งานโครงการกล้องโทรทัศน์วงจรปิด(CCTV) บนเส้นทางยกระดับคู่ขนานลอยฟ้า ถนนบรมราชชนนี ,13.7699332,100.484762
3,บางพลัด,ทางด่วนยกระดับฝั่งปิ่นเกล้า ช่วงทางลง ถนนพระรามที่ 8 ขาออก,TF-HW-01-01-02,TF-HW-01-02-03,งานโครงการกล้องโทรทัศน์วงจรปิด(CCTV) บนเส้นทางยกระดับคู่ขนานลอยฟ้า ถนนบรมราชชนนี ,13.769281,100.486376
4,บางพลัด,ทางด่วนยกระดับฝั่งปิ่นเกล้า ช่วงทางลง ถนนพระรามที่ 8 ขาออก,TF-HW-01-01-02,TF-HW-01-02-04,งานโครงการกล้องโทรทัศน์วงจรปิด(CCTV) บนเส้นทางยกระดับคู่ขนานลอยฟ้า ถนนบรมราชชนนี ,13.7692812,100.4863762
5,บางพลัด,ทางด่วนยกระดับฝั่งปิ่นเกล้า ช่วงทางลง ถนนพระรามที่ 8 ขาออก,TF-HW-01-01-02,TF-HW-01-02-05,งานโครงการกล้องโทรทัศน์วงจรปิด(CCTV) บนเส้นทางยกระดับคู่ขนานลอยฟ้า ถนนบรมราชชนนี ,13.7692814,100.4863764
6,บางพลัด,ทางด่วนยกระดับฝั่งปิ่นเกล้า ช่วงทางลง ถนนพระรามที่ 8 ขาเข้า,TF-HW-01-01-03,TF-HW-01-02-06,งานโครงการกล้องโทรทัศน์วงจรปิด(CCTV) บนเส้นทางยกระดับคู่ขนานลอยฟ้า ถนนบรมราชชนนี ,13.770915,100.488096
7,บางพลัด,ทางด่วนยกระดับฝั่งปิ่นเกล้า ช่วงทางลง ถนนพระรามที่ 8 ขาเข้า,TF-HW-01-01-03,TF-HW-01-02-07,งานโครงการกล้องโทรทัศน์วงจรปิด(CCTV) บนเส้นทางยกระดับคู่ขนานลอยฟ้า ถนนบรมราชชนนี ,13.7709152,100.4880962
8,บางกอกน้อย,ทางลง ด่วนยกระดับฝั่งปิ่นเกล้า ขาเข้า,TF-HW-01-01-04,TF-HW-01-02-08,งานโครงการกล้องโทรทัศน์วงจรปิด(CCTV) บนเส้นทางยกระดับคู่ขนานลอยฟ้า ถนนบรมราชชนนี ,13.766918,100.487156
9,บางกอกน้อย,ทางลง ด่วนยกระดับฝั่งปิ่นเกล้า ขาเข้า,TF-HW-01-01-04,TF-HW-01-02-09,งานโครงการกล้องโทรทัศน์วงจรปิด(CCTV) บนเส้นทางยกระดับคู่ขนานลอยฟ้า ถนนบรมราชชนนี ,13.7669182,100.4871562
10,บางกอกน้อย,ทางขึ้น ด่วนยกระดับฝั่งปิ่นเกล้า ขาออก,TF-HW-01-01-05,TF-HW-01-02-10,งานโครงการกล้องโทรทัศน์วงจรปิด(CCTV) บนเส้นทางยกระดับคู่ขนานลอยฟ้า ถนนบรมราชชนนี ,13.766808,100.47082
11,บางกอกน้อย,ทางขึ้น ด่วนยกระดับฝั่งปิ่นเกล้า ขาออก,TF-HW-01-01-05,TF-HW-01-02-11,งานโครงการกล้องโทรทัศน์วงจรปิด(CCTV) บนเส้นทางยกระดับคู่ขนานลอยฟ้า ถนนบรมราชชนนี ,13.7668082,100.4708202
12,บางกอกน้อย,ทางด่วนยกระดับฝั่งปิ่นเกล้า ขาออก,TF-HW-01-01-06,TF-HW-01-02-12,งานโครงการกล้องโทรทัศน์วงจรปิด(CCTV) บนเส้นทางยกระดับคู่ขนานลอยฟ้า ถนนบรมราชชนนี ,13.769933,100.484642
13,บางกอกน้อย,ทางด่วนยกระดับฝั่งปิ่นเกล้า ขาออก,TF-HW-01-01-06,TF-HW-01-02-13,งานโครงการกล้องโทรทัศน์วงจรปิด(CCTV) บนเส้นทางยกระดับคู่ขนานลอยฟ้า ถนนบรมราชชนนี ,13.7699332,100.4846422
14,บางกอกน้อย,ทางด่วนยกระดับฝั่งปิ่นเกล้า ช่วงทางลงศิริราช,TF-HW-01-01-07,TF-HW-01-02-14,งานโครงการกล้องโทรทัศน์วงจรปิด(CCTV) บนเส้นทางยกระดับคู่ขนานลอยฟ้า ถนนบรมราชชนนี ,13.767693,100.484972
15,บางกอกน้อย,ทางด่วนยกระดับฝั่งปิ่นเกล้า ช่วงทางลงศิริราช,TF-HW-01-01-07,TF-HW-01-02-15,งานโครงการกล้องโทรทัศน์วงจรปิด(CCTV) บนเส้นทางยกระดับคู่ขนานลอยฟ้า ถนนบรมราชชนนี ,13.7676932,100.4849722
16,บางกอกน้อย,ทางด่วนยกระดับฝั่งปิ่นเกล้า ช่วงทางลงศิริราช,TF-HW-01-01-07,TF-HW-01-02-16,งานโครงการกล้องโทรทัศน์วงจรปิด(CCTV) บนเส้นทางยกระดับคู่ขนานลอยฟ้า ถนนบรมราชชนนี ,13.7676934,100.4849724
17,บางพลัด,ทางขึ้นสะพานพระราม 8,TF-HW-01-01-08,TF-HW-01-02-17,งานโครงการกล้องโทรทัศน์วงจรปิด(CCTV) บนเส้นทางยกระดับคู่ขนานลอยฟ้า ถนนบรมราชชนนี ,13.76962,100.495982
18,บางพลัด,ทางขึ้นสะพานพระราม 8,TF-HW-01-01-08,TF-HW-01-02-18,งานโครงการกล้องโทรทัศน์วงจรปิด(CCTV) บนเส้นทางยกระดับคู่ขนานลอยฟ้า ถนนบรมราชชนนี ,13.7696202,100.4959822
19,บางพลัด,ทางขึ้นสะพานพระราม 8,TF-HW-01-01-08,TF-HW-01-02-19,งานโครงการกล้องโทรทัศน์วงจรปิด(CCTV) บนเส้นทางยกระดับคู่ขนานลอยฟ้า ถนนบรมราชชนนี ,13.7696204,100.4959824
20,บางพลัด,ทางขึ้นสะพานพระราม 8,TF-HW-01-01-08,TF-HW-01-02-20,งานโครงการกล้องโทรทัศน์วงจรปิด(CCTV) บนเส้นทางยกระดับคู่ขนานลอยฟ้า ถนนบรมราชชนนี ,13.7696206,100.4959826
21,บางพลัด,จุดตัดถนน จรัญสนิทวงศ์ ขาเข้า,TF-HW-01-01-09,TF-HW-01-02-21,งานโครงการกล้องโทรทัศน์วงจรปิด(CCTV) บนเส้นทางยกระดับคู่ขนานลอยฟ้า ถนนบรมราชชนนี ,13.773388,100.481916
22,บางพลัด,จุดตัดถนน จรัญสนิทวงศ์ ขาเข้า,TF-HW-01-01-09,TF-HW-01-02-22,งานโครงการกล้องโทรทัศน์วงจรปิด(CCTV) บนเส้นทางยกระดับคู่ขนานลอยฟ้า ถนนบรมราชชนนี ,13.7733882,100.4819162
23,บางพลัด,จุดตัดถนน จรัญสนิทวงศ์ ขาเข้า,TF-HW-01-01-09,TF-HW-01-02-23,งานโครงการกล้องโทรทัศน์วงจรปิด(CCTV) บนเส้นทางยกระดับคู่ขนานลอยฟ้า ถนนบรมราชชนนี ,13.7733884,100.4819164
24,บางกอกน้อย,จุดตัดถนน จรัญสนิทวงศ์ ขาออก,TF-HW-01-01-10,TF-HW-01-02-24,งานโครงการกล้องโทรทัศน์วงจรปิด(CCTV) บนเส้นทางยกระดับคู่ขนานลอยฟ้า ถนนบรมราชชนนี ,13.773268,100.481836
25,บางกอกน้อย,จุดตัดถนน จรัญสนิทวงศ์ ขาออก,TF-HW-01-01-10,TF-HW-01-02-25,งานโครงการกล้องโทรทัศน์วงจรปิด(CCTV) บนเส้นทางยกระดับคู่ขนานลอยฟ้า ถนนบรมราชชนนี ,13.7732682,100.4818362
26,บางกอกน้อย,จุดตัดถนน จรัญสนิทวงศ์ ขาออก,TF-HW-01-01-10,TF-HW-01-02-26,งานโครงการกล้องโทรทัศน์วงจรปิด(CCTV) บนเส้นทางยกระดับคู่ขนานลอยฟ้า ถนนบรมราชชนนี ,13.7732684,100.4818364
27,บางพลัด,หน้ากระทรวงวัฒนะธรรม,TF-HW-01-01-11,TF-HW-01-02-27,งานโครงการกล้องโทรทัศน์วงจรปิด(CCTV) บนเส้นทางยกระดับคู่ขนานลอยฟ้า ถนนบรมราชชนนี ,13.782696,100.47317
28,บางพลัด,หน้ากระทรวงวัฒนะธรรม,TF-HW-01-01-11,TF-HW-01-02-28,งานโครงการกล้องโทรทัศน์วงจรปิด(CCTV) บนเส้นทางยกระดับคู่ขนานลอยฟ้า ถนนบรมราชชนนี ,13.7826962,100.473172
29,บางกอกน้อย,หน้าห้างเซ็นทรัลปิ่นเกล้า,TF-HW-01-01-12,TF-HW-01-02-29,งานโครงการกล้องโทรทัศน์วงจรปิด(CCTV) บนเส้นทางยกระดับคู่ขนานลอยฟ้า ถนนบรมราชชนนี ,13.778473,100.476946
30,บางกอกน้อย,หน้าห้างเซ็นทรัลปิ่นเกล้า,TF-HW-01-01-12,TF-HW-01-02-30,งานโครงการกล้องโทรทัศน์วงจรปิด(CCTV) บนเส้นทางยกระดับคู่ขนานลอยฟ้า ถนนบรมราชชนนี ,13.7784732,100.4769462
31,บางพลัด,ทางลง ถนนศิรินธร,TF-HW-01-01-13,TF-HW-01-02-31,งานโครงการกล้องโทรทัศน์วงจรปิด(CCTV) บนเส้นทางยกระดับคู่ขนานลอยฟ้า ถนนบรมราชชนนี ,13.786906,100.469155
32,บางพลัด,ทางลง ถนนศิรินธร,TF-HW-01-01-13,TF-HW-01-02-32,งานโครงการกล้องโทรทัศน์วงจรปิด(CCTV) บนเส้นทางยกระดับคู่ขนานลอยฟ้า ถนนบรมราชชนนี ,13.7869062,100.4691552
33,บางพลัด,ทางขึ้น ถนนศิรินธร,TF-HW-01-01-14,TF-HW-01-02-33,งานโครงการกล้องโทรทัศน์วงจรปิด(CCTV) บนเส้นทางยกระดับคู่ขนานลอยฟ้า ถนนบรมราชชนนี ,13.787805, 100.468.312
34,บางพลัด,ทางขึ้น ถนนศิรินธร,TF-HW-01-01-14,TF-HW-01-02-34,งานโครงการกล้องโทรทัศน์วงจรปิด(CCTV) บนเส้นทางยกระดับคู่ขนานลอยฟ้า ถนนบรมราชชนนี ,13.7878052, 100.468.3122
35,ตลิ่งชัน,ทางลงตลิ่งชันฝั่ง ขาเข้า,TF-HW-01-01-15,TF-HW-01-02-35,งานโครงการกล้องโทรทัศน์วงจรปิด(CCTV) บนเส้นทางยกระดับคู่ขนานลอยฟ้า ถนนบรมราชชนนี ,13.786898,100.465867
36,ตลิ่งชัน,ทางลงตลิ่งชันฝั่ง ขาเข้า,TF-HW-01-01-15,TF-HW-01-02-36,งานโครงการกล้องโทรทัศน์วงจรปิด(CCTV) บนเส้นทางยกระดับคู่ขนานลอยฟ้า ถนนบรมราชชนนี ,13.7868982,100.4658672
37,ตลิ่งชัน,ทางลงตลิ่งชันฝั่ง ขาเข้า,TF-HW-01-01-15,TF-HW-01-02-37,งานโครงการกล้องโทรทัศน์วงจรปิด(CCTV) บนเส้นทางยกระดับคู่ขนานลอยฟ้า ถนนบรมราชชนนี ,13.7868984,100.4658674
38,ตลิ่งชัน,ทางลงตลิ่งชันฝั่ง ขาเข้า,TF-HW-01-01-15,TF-HW-01-02-38,งานโครงการกล้องโทรทัศน์วงจรปิด(CCTV) บนเส้นทางยกระดับคู่ขนานลอยฟ้า ถนนบรมราชชนนี ,13.7868986,100.4658676
39,ตลิ่งชัน,ทางลงตลิ่งชันฝั่ง ขาออก,TF-HW-01-01-16,TF-HW-01-02-39,งานโครงการกล้องโทรทัศน์วงจรปิด(CCTV) บนเส้นทางยกระดับคู่ขนานลอยฟ้า ถนนบรมราชชนนี ,13.78657,100.465224
40,ตลิ่งชัน,ทางลงตลิ่งชันฝั่ง ขาออก,TF-HW-01-01-16,TF-HW-01-02-40,งานโครงการกล้องโทรทัศน์วงจรปิด(CCTV) บนเส้นทางยกระดับคู่ขนานลอยฟ้า ถนนบรมราชชนนี ,13.7865702,100.4652242
41,ตลิ่งชัน,ทางลงตลิ่งชันฝั่ง ขาออก,TF-HW-01-01-16,TF-HW-01-02-41,งานโครงการกล้องโทรทัศน์วงจรปิด(CCTV) บนเส้นทางยกระดับคู่ขนานลอยฟ้า ถนนบรมราชชนนี ,13.7865704,100.4652244
42,ตลิ่งชัน,ทางลงตลิ่งชันฝั่ง ขาออก,TF-HW-01-01-16,TF-HW-01-02-42,งานโครงการกล้องโทรทัศน์วงจรปิด(CCTV) บนเส้นทางยกระดับคู่ขนานลอยฟ้า ถนนบรมราชชนนี ,13.7865706,100.4652246
43,ตลิ่งชัน,จุดตัดถนนราชพฤกษ์ ฝั่งขาเข้า,TF-HW-01-01-17,TF-HW-01-02-43,งานโครงการกล้องโทรทัศน์วงจรปิด(CCTV) บนเส้นทางยกระดับคู่ขนานลอยฟ้า ถนนบรมราชชนนี ,13.780201,100.442918
44,ตลิ่งชัน,จุดตัดถนนราชพฤกษ์ ฝั่งขาเข้า,TF-HW-01-01-17,TF-HW-01-02-44,งานโครงการกล้องโทรทัศน์วงจรปิด(CCTV) บนเส้นทางยกระดับคู่ขนานลอยฟ้า ถนนบรมราชชนนี ,13.7802012,100.4429182
45,ตลิ่งชัน,จุดตัดถนนราชพฤกษ์ ฝั่งขาเข้า,TF-HW-01-01-17,TF-HW-01-02-45,งานโครงการกล้องโทรทัศน์วงจรปิด(CCTV) บนเส้นทางยกระดับคู่ขนานลอยฟ้า ถนนบรมราชชนนี ,13.7802014,100.4429184
46,ตลิ่งชัน,จุดตัดถนนราชพฤกษ์ ฝั่งขาออก,TF-HW-01-01-18,TF-HW-01-02-46,งานโครงการกล้องโทรทัศน์วงจรปิด(CCTV) บนเส้นทางยกระดับคู่ขนานลอยฟ้า ถนนบรมราชชนนี ,13.7801,100.44294
47,ตลิ่งชัน,จุดตัดถนนราชพฤกษ์ ฝั่งขาออก,TF-HW-01-01-18,TF-HW-01-02-47,งานโครงการกล้องโทรทัศน์วงจรปิด(CCTV) บนเส้นทางยกระดับคู่ขนานลอยฟ้า ถนนบรมราชชนนี ,13.7801002,100.4429402
48,ตลิ่งชัน,จุดตัดถนนราชพฤกษ์ ฝั่งขาออก,TF-HW-01-01-18,TF-HW-01-02-48,งานโครงการกล้องโทรทัศน์วงจรปิด(CCTV) บนเส้นทางยกระดับคู่ขนานลอยฟ้า ถนนบรมราชชนนี ,13.7801004,100.4429404
49,ตลิ่งชัน,จุดตัดถนนพุทธมณฑลสาย1 ฝั่งขาออก,TF-HW-01-01-19,TF-HW-01-02-49,งานโครงการกล้องโทรทัศน์วงจรปิด(CCTV) บนเส้นทางยกระดับคู่ขนานลอยฟ้า ถนนบรมราชชนนี ,13.781245,100.426544
50,ตลิ่งชัน,จุดตัดถนนพุทธมณฑลสาย1 ฝั่งขาออก,TF-HW-01-01-19,TF-HW-01-02-50,งานโครงการกล้องโทรทัศน์วงจรปิด(CCTV) บนเส้นทางยกระดับคู่ขนานลอยฟ้า ถนนบรมราชชนนี ,13.7812452,100.4265442
51,ตลิ่งชัน,จุดตัดถนนพุทธมณฑลสาย1 ฝั่งขาออก,TF-HW-01-01-19,TF-HW-01-02-51,งานโครงการกล้องโทรทัศน์วงจรปิด(CCTV) บนเส้นทางยกระดับคู่ขนานลอยฟ้า ถนนบรมราชชนนี ,13.7812454,100.4265444
52,ตลิ่งชัน,จุดตัถนนพุทธมณฑลสาย1 ฝั่งขาเข้า,TF-HW-01-01-20,TF-HW-01-02-52,งานโครงการกล้องโทรทัศน์วงจรปิด(CCTV) บนเส้นทางยกระดับคู่ขนานลอยฟ้า ถนนบรมราชชนนี ,13.781347,100.426536
53,ตลิ่งชัน,จุดตัถนนพุทธมณฑลสาย1 ฝั่งขาเข้า,TF-HW-01-01-20,TF-HW-01-02-53,งานโครงการกล้องโทรทัศน์วงจรปิด(CCTV) บนเส้นทางยกระดับคู่ขนานลอยฟ้า ถนนบรมราชชนนี ,13.7813472,100.4265362
54,ตลิ่งชัน,จุดตัถนนพุทธมณฑลสาย1 ฝั่งขาเข้า,TF-HW-01-01-20,TF-HW-01-02-54,งานโครงการกล้องโทรทัศน์วงจรปิด(CCTV) บนเส้นทางยกระดับคู่ขนานลอยฟ้า ถนนบรมราชชนนี ,13.7813474,100.4265364
55,ตลิ่งชัน,ทางขึ้นถนนกาญจนาภิเษก ฝั่งขาเข้า,TF-HW-01-01-21,TF-HW-01-02-55,งานโครงการกล้องโทรทัศน์วงจรปิด(CCTV) บนเส้นทางยกระดับคู่ขนานลอยฟ้า ถนนบรมราชชนนี ,13.781739,100.423452
56,ตลิ่งชัน,ทางขึ้นถนนกาญจนาภิเษก ฝั่งขาเข้า,TF-HW-01-01-21,TF-HW-01-02-56,งานโครงการกล้องโทรทัศน์วงจรปิด(CCTV) บนเส้นทางยกระดับคู่ขนานลอยฟ้า ถนนบรมราชชนนี ,13.7817392,100.4234522
57,ตลิ่งชัน,ทางขึ้นถนนกาญจนาภิเษก ฝั่งขาออก,TF-HW-01-01-22,TF-HW-01-02-59,งานโครงการกล้องโทรทัศน์วงจรปิด(CCTV) บนเส้นทางยกระดับคู่ขนานลอยฟ้า ถนนบรมราชชนนี ,13.7815, 100.423.440
58,ตลิ่งชัน,ทางขึ้นถนนกาญจนาภิเษก ฝั่งขาออก,TF-HW-01-01-22,TF-HW-01-02-60,งานโครงการกล้องโทรทัศน์วงจรปิด(CCTV) บนเส้นทางยกระดับคู่ขนานลอยฟ้า ถนนบรมราชชนนี ,13.7815002, 100.423.442
59,ตลิ่งชัน,หน้าขนส่งสายใต้ใหม่ ฝั่งขาเข้า,TF-HW-01-01-23,TF-HW-01-02-57,งานโครงการกล้องโทรทัศน์วงจรปิด(CCTV) บนเส้นทางยกระดับคู่ขนานลอยฟ้า ถนนบรมราชชนนี ,13.78182,100.422631
60,ตลิ่งชัน,หน้าขนส่งสายใต้ใหม่ ฝั่งขาเข้า,TF-HW-01-01-23,TF-HW-01-02-58,งานโครงการกล้องโทรทัศน์วงจรปิด(CCTV) บนเส้นทางยกระดับคู่ขนานลอยฟ้า ถนนบรมราชชนนี ,13.7818202,100.4226312
61,ตลิ่งชัน,หน้าขนส่งสายใต้ใหม่ ฝั่งขาออก,TF-HW-01-01-24,TF-HW-01-02-61,งานโครงการกล้องโทรทัศน์วงจรปิด(CCTV) บนเส้นทางยกระดับคู่ขนานลอยฟ้า ถนนบรมราชชนนี ,13.781628,100.422618
62,ตลิ่งชัน,หน้าขนส่งสายใต้ใหม่ ฝั่งขาออก,TF-HW-01-01-24,TF-HW-01-02-62,งานโครงการกล้องโทรทัศน์วงจรปิด(CCTV) บนเส้นทางยกระดับคู่ขนานลอยฟ้า ถนนบรมราชชนนี ,13.7816282,100.4226182
63,ทวีวัฒนา,จุดตัดถนนกาญจนาภิเษก ฝั่งขาเข้า,TF-HW-01-01-25,TF-HW-01-02-63,งานโครงการกล้องโทรทัศน์วงจรปิด(CCTV) บนเส้นทางยกระดับคู่ขนานลอยฟ้า ถนนบรมราชชนนี ,13.781245,100.426544
64,ทวีวัฒนา,จุดตัดถนนกาญจนาภิเษก ฝั่งขาเข้า,TF-HW-01-01-25,TF-HW-01-02-64,งานโครงการกล้องโทรทัศน์วงจรปิด(CCTV) บนเส้นทางยกระดับคู่ขนานลอยฟ้า ถนนบรมราชชนนี ,13.7812452,100.4265442
65,ทวีวัฒนา,จุดตัดถนนกาญจนาภิเษก ฝั่งขาเข้า,TF-HW-01-01-25,TF-HW-01-02-65,งานโครงการกล้องโทรทัศน์วงจรปิด(CCTV) บนเส้นทางยกระดับคู่ขนานลอยฟ้า ถนนบรมราชชนนี ,13.7812454,100.4265444
66,ทวีวัฒนา,จุดตัดถนนกาญจนาภิเษก ฝั่งขาออก,TF-HW-01-01-26,TF-HW-01-02-66,งานโครงการกล้องโทรทัศน์วงจรปิด(CCTV) บนเส้นทางยกระดับคู่ขนานลอยฟ้า ถนนบรมราชชนนี ,13.782974,100.409249
67,ทวีวัฒนา,จุดตัดถนนกาญจนาภิเษก ฝั่งขาออก,TF-HW-01-01-26,TF-HW-01-02-67,งานโครงการกล้องโทรทัศน์วงจรปิด(CCTV) บนเส้นทางยกระดับคู่ขนานลอยฟ้า ถนนบรมราชชนนี ,13.7829742,100.4092492
68,ทวีวัฒนา,จุดตัดถนนกาญจนาภิเษก ฝั่งขาออก,TF-HW-01-01-26,TF-HW-01-02-68,งานโครงการกล้องโทรทัศน์วงจรปิด(CCTV) บนเส้นทางยกระดับคู่ขนานลอยฟ้า ถนนบรมราชชนนี ,13.7829744,100.4092494
69,ทวีวัฒนา,จุดตัดถนนพุทธมณฑลสาย2 ฝั่งขาเข้า,TF-HW-01-01-27,TF-HW-01-02-69,งานโครงการกล้องโทรทัศน์วงจรปิด(CCTV) บนเส้นทางยกระดับคู่ขนานลอยฟ้า ถนนบรมราชชนนี ,13.784662,100.394609
70,ทวีวัฒนา,จุดตัดถนนพุทธมณฑลสาย2 ฝั่งขาเข้า,TF-HW-01-01-27,TF-HW-01-02-70,งานโครงการกล้องโทรทัศน์วงจรปิด(CCTV) บนเส้นทางยกระดับคู่ขนานลอยฟ้า ถนนบรมราชชนนี ,13.7846622,100.3946092
71,ทวีวัฒนา,จุดตัดถนนพุทธมณฑลสาย2 ฝั่งขาเข้า,TF-HW-01-01-27,TF-HW-01-02-71,งานโครงการกล้องโทรทัศน์วงจรปิด(CCTV) บนเส้นทางยกระดับคู่ขนานลอยฟ้า ถนนบรมราชชนนี ,13.7846624,100.3946094
72,ทวีวัฒนา,จุดตัดถนนพุทธมณฑลสาย2 ฝั่งขาออก,TF-HW-01-01-28,TF-HW-01-02-72,งานโครงการกล้องโทรทัศน์วงจรปิด(CCTV) บนเส้นทางยกระดับคู่ขนานลอยฟ้า ถนนบรมราชชนนี ,13.784426,100.394615
73,ทวีวัฒนา,จุดตัดถนนพุทธมณฑลสาย2 ฝั่งขาออก,TF-HW-01-01-28,TF-HW-01-02-73,งานโครงการกล้องโทรทัศน์วงจรปิด(CCTV) บนเส้นทางยกระดับคู่ขนานลอยฟ้า ถนนบรมราชชนนี ,13.7844262,100.3946152
74,ทวีวัฒนา,จุดตัดถนนพุทธมณฑลสาย2 ฝั่งขาออก,TF-HW-01-01-28,TF-HW-01-02-74,งานโครงการกล้องโทรทัศน์วงจรปิด(CCTV) บนเส้นทางยกระดับคู่ขนานลอยฟ้า ถนนบรมราชชนนี ,13.7844264,100.3946154
75,ทวีวัฒนา,ทางขึ้นทางด่วนถนนพุทธมณฑลสาย3 ฝั่งขาเข้า,TF-HW-01-01-29,TF-HW-01-02-75,งานโครงการกล้องโทรทัศน์วงจรปิด(CCTV) บนเส้นทางยกระดับคู่ขนานลอยฟ้า ถนนบรมราชชนนี ,13.786132,100.379505
76,ทวีวัฒนา,ทางขึ้นทางด่วนถนนพุทธมณฑลสาย3 ฝั่งขาเข้า,TF-HW-01-01-29,TF-HW-01-02-76,งานโครงการกล้องโทรทัศน์วงจรปิด(CCTV) บนเส้นทางยกระดับคู่ขนานลอยฟ้า ถนนบรมราชชนนี ,13.7861322,100.3795052
77,ทวีวัฒนา,ทางขึ้นทางด่วนถนนพุทธมณฑลสาย3 ฝั่งขาเข้า,TF-HW-01-01-29,TF-HW-01-02-77,งานโครงการกล้องโทรทัศน์วงจรปิด(CCTV) บนเส้นทางยกระดับคู่ขนานลอยฟ้า ถนนบรมราชชนนี ,13.7861324,100.3795054
78,ทวีวัฒนา,ทางลงทางด่วน ถนนพุทธมณฑลสาย3 ฝั่งขาออก,TF-HW-01-01-30,TF-HW-01-02-78,งานโครงการกล้องโทรทัศน์วงจรปิด(CCTV) บนเส้นทางยกระดับคู่ขนานลอยฟ้า ถนนบรมราชชนนี ,13.786019,100.379508
79,ทวีวัฒนา,ทางลงทางด่วน ถนนพุทธมณฑลสาย3 ฝั่งขาออก,TF-HW-01-01-30,TF-HW-01-02-79,งานโครงการกล้องโทรทัศน์วงจรปิด(CCTV) บนเส้นทางยกระดับคู่ขนานลอยฟ้า ถนนบรมราชชนนี ,13.7860192,100.3795082
80,ทวีวัฒนา,ทางลงทางด่วน ถนนพุทธมณฑลสาย3 ฝั่งขาออก,TF-HW-01-01-30,TF-HW-01-02-80,งานโครงการกล้องโทรทัศน์วงจรปิด(CCTV) บนเส้นทางยกระดับคู่ขนานลอยฟ้า ถนนบรมราชชนนี ,13.7860194,100.3795084
81,ลาดพร้าว,ถ.เกษตรนวมินทร์ ตัด ถ.มัยลาภ,TF1-LP-01,TF1-LP-01-01,งานบำรุงรักษากล้องโทรทัศน์วงจรปิด (CCTV) เพื่อตรวจสอบ และสั่งการแก้ไขปัญหาการจราจร,13.83278,100.61111
82,ลาดพร้าว,ถ.เกษตรนวมินทร์ ตัด ถ.สุคนธสวัสดิ์,TF1-LP-02,TF1-LP-02-01,งานบำรุงรักษากล้องโทรทัศน์วงจรปิด (CCTV) เพื่อตรวจสอบ และสั่งการแก้ไขปัญหาการจราจร,13.82943,100.62319
83,จตุจักร,ปากทางลาดพร้าว ตัด ถ.วิภาวดีรังสิต,TF1-JJ-01,TF1-JJ-01-01,งานบำรุงรักษากล้องโทรทัศน์วงจรปิด (CCTV) เพื่อตรวจสอบ และสั่งการแก้ไขปัญหาการจราจร,13.81323,100.55968
84,จตจักร,ถ.งามวงศ์วาน ตัด ถ.วิภาวดี แยกบางเขน,TF1-JJ-02,TF1-JJ-02-01,งานบำรุงรักษากล้องโทรทัศน์วงจรปิด (CCTV) เพื่อตรวจสอบ และสั่งการแก้ไขปัญหาการจราจร,13.84737,100.56164
85,จตจักร,ถ.วิภาวดีรังสิต (บริเวณหน้า สนง.จตุจักร),TF1-JJ-03,TF1-JJ-03-01,งานบำรุงรักษากล้องโทรทัศน์วงจรปิด (CCTV) เพื่อตรวจสอบ และสั่งการแก้ไขปัญหาการจราจร,13.82826,100.55813
86,จตุจักร,ถ.ประชานิเวศน์ 1 ตัด ถ.วิภาวดีรังสิต (แยกวัดเสมียนนารี),TF1-JJ-04,TF1-JJ-04-01,งานบำรุงรักษากล้องโทรทัศน์วงจรปิด (CCTV) เพื่อตรวจสอบ และสั่งการแก้ไขปัญหาการจราจร,13.83842,100.55716
87,หลักสี่,ถ.แจ้งวัฒนะ (บริเวณหน้าศูนย์ราชการ ฯ),TF1-LS-01,TF1-LS-01-01,งานบำรุงรักษากล้องโทรทัศน์วงจรปิด (CCTV) เพื่อตรวจสอบ และสั่งการแก้ไขปัญหาการจราจร,13.89055,100.56768
88,หลักสี่,ถ.แจ้งวัฒนะ ตัด ถ.เลียบคลองประปา,TF1-LS-02,TF1-LS-02-01,งานบำรุงรักษากล้องโทรทัศน์วงจรปิด (CCTV) เพื่อตรวจสอบ และสั่งการแก้ไขปัญหาการจราจร,13.89484,100.55497
89,ห้วยขวาง,ถ.พระราม 9 ตัด ถ.ประดิษฐ์มนูญธรรม (รวมศูนย์),TF1-HK-01,TF1-HK-01-01,งานบำรุงรักษากล้องโทรทัศน์วงจรปิด (CCTV) เพื่อตรวจสอบ และสั่งการแก้ไขปัญหาการจราจร,13.75077,100.59334
90,ห้วยขวาง,ถ.พระราม 9 ตัด ถ.ตัดใหม่,TF1-HK-02,TF1-HK-02-01,งานบำรุงรักษากล้องโทรทัศน์วงจรปิด (CCTV) เพื่อตรวจสอบ และสั่งการแก้ไขปัญหาการจราจร,13.74167,100.61586
91,ห้วยขวาง,บริเวณหน้ากรมโยธาธิการและผังเมือง,TF1-HK-03,TF1-HK-03-01,งานบำรุงรักษากล้องโทรทัศน์วงจรปิด (CCTV) เพื่อตรวจสอบ และสั่งการแก้ไขปัญหาการจราจร,13.7556,100.57338
92,ห้วยขวาง,ถ.เพชรบุรี ตัด ถ.เอกมัย (หน้า Food Land),TF1-HK-04,TF1-HK-04-01,งานบำรุงรักษากล้องโทรทัศน์วงจรปิด (CCTV) เพื่อตรวจสอบ และสั่งการแก้ไขปัญหาการจราจร,13.74102,100.60046
93,ห้วยขวาง,ถ.ประชาอุทิศ ตัด ถ.เทียนร่วมมิตร (แยกเหม่งจ๋าย),TF1-HK-05,TF1-HK-05-01,งานบำรุงรักษากล้องโทรทัศน์วงจรปิด (CCTV) เพื่อตรวจสอบ และสั่งการแก้ไขปัญหาการจราจร,13.76989,100.58642
94,สวนหลวง,หน้าบริเวณ ปณ.พัฒนาการ,TF1-SL-01,TF1-SL-01-01,งานบำรุงรักษากล้องโทรทัศน์วงจรปิด (CCTV) เพื่อตรวจสอบ และสั่งการแก้ไขปัญหาการจราจร,13.73662,100.61657
95,สะพานสูง,ถ.รามคำแหง บริเวณซอยมิสทีน,TF1-SS-01,TF1-SS-01-01,งานบำรุงรักษากล้องโทรทัศน์วงจรปิด (CCTV) เพื่อตรวจสอบ และสั่งการแก้ไขปัญหาการจราจร,13.7926,100.70225
96,มีนบุรี,บริเวณตลาดมีนบุรี,TF1-MB-01,TF1-MB-01-01,งานบำรุงรักษากล้องโทรทัศน์วงจรปิด (CCTV) เพื่อตรวจสอบ และสั่งการแก้ไขปัญหาการจราจร,13.81254,100.7259
97,มีนบุรี,ถ.รามอินทรา ตัด ถ.สวนสยาม (แยก รพ.นพรัตน์),TF1-MB-02,TF1-MB-02-01,งานบำรุงรักษากล้องโทรทัศน์วงจรปิด (CCTV) เพื่อตรวจสอบ และสั่งการแก้ไขปัญหาการจราจร,13.81448,100.68747
98,มีนบุรี,แยกการไฟฟ้ามีนบุรี,TF1-MB-03,TF1-MB-03-01,งานบำรุงรักษากล้องโทรทัศน์วงจรปิด (CCTV) เพื่อตรวจสอบ และสั่งการแก้ไขปัญหาการจราจร,13.81667,100.74432
99,มีนบุรี,ถ.เสรีไทย ตัด ถ.มีนพัฒนา (แยกบางชัน),TF1-MB-04,TF1-MB-04-01,งานบำรุงรักษากล้องโทรทัศน์วงจรปิด (CCTV) เพื่อตรวจสอบ และสั่งการแก้ไขปัญหาการจราจร,13.80525,100.71225
100,มีนบุรี,ถ.สุขาภิบาล 5 ตัด ซ.32 วัชรพล,TF1-MB-05,TF1-MB-05-01,งานบำรุงรักษากล้องโทรทัศน์วงจรปิด (CCTV) เพื่อตรวจสอบ และสั่งการแก้ไขปัญหาการจราจร,13.80525,100.71225
101,ลาดกะบัง,ถ.ฉลองกรุง ตัด มอเตอร์เวย์,TF1-LK-01,TF1-LK-01-01,งานบำรุงรักษากล้องโทรทัศน์วงจรปิด (CCTV) เพื่อตรวจสอบ และสั่งการแก้ไขปัญหาการจราจร,13.73201,100.78434
102,ลาดกะบัง,ถ.ร่มเกล้า ตัด ถ.เจ้าคุณทหาร แยกเจ้าคุณทหาร,TF1-LK-02,TF1-LK-02-01,งานบำรุงรักษากล้องโทรทัศน์วงจรปิด (CCTV) เพื่อตรวจสอบ และสั่งการแก้ไขปัญหาการจราจร,13.75617,100.74617
103,ลาดกะบัง,ถ.ลาดกระบัง (ทางเข้าสนามบินสุวรรณภูมิ),TF1-LK-03,TF1-LK-03-01,งานบำรุงรักษากล้องโทรทัศน์วงจรปิด (CCTV) เพื่อตรวจสอบ และสั่งการแก้ไขปัญหาการจราจร,13.72168,100.77646
104,ลาดกะบัง,ถ.ร่มเกล้า ตัด ถ.ลาดกระบัง แยกลาดกระบัง,TF1-LK-04,TF1-LK-04-01,งานบำรุงรักษากล้องโทรทัศน์วงจรปิด (CCTV) เพื่อตรวจสอบ และสั่งการแก้ไขปัญหาการจราจร,13.7225,100.74658
105,ลาดกะบัง,ถ.ร่มเกล้า ตัด มอเตอร์เวย์ แยกต่างระดับร่มเกล้า,TF1-LK-05,TF1-LK-05-01,งานบำรุงรักษากล้องโทรทัศน์วงจรปิด (CCTV) เพื่อตรวจสอบ และสั่งการแก้ไขปัญหาการจราจร,13.73067,100.74628
106,ลาดกะบัง,ถ.ลาดกระบัง ตัด ถ.กิ่งแก้ว แยกกิ่งแก้ว,TF1-LK-06,TF1-LK-06-01,งานบำรุงรักษากล้องโทรทัศน์วงจรปิด (CCTV) เพื่อตรวจสอบ และสั่งการแก้ไขปัญหาการจราจร,13.72264,100.73957
107,ลาดกะบัง,ถ.รามคำแหง ตัด ถ.มีนพัฒนา (แยกลาดบัวขาว),TF1-LK-07,TF1-LK-07-01,งานบำรุงรักษากล้องโทรทัศน์วงจรปิด (CCTV) เพื่อตรวจสอบ และสั่งการแก้ไขปัญหาการจราจร,13.79956,100.71557
108,ลาดกะบัง,แยกร่มเกล้า (ถ.ร่มเกล้า ตัด ถ.รามคำแหง),TF1-LK-08,TF1-LK-08-01,งานบำรุงรักษากล้องโทรทัศน์วงจรปิด (CCTV) เพื่อตรวจสอบ และสั่งการแก้ไขปัญหาการจราจร,13.81214,100.73678
109,บางกะปิ,ถ.ศรีนครินทร์ ตัด ถ.กรุงเทพกรีฑา แยกกรุงเทพกรีฑา,TR1-BKP-01,TR1-BKP-01-01,งานบำรุงรักษากล้องโทรทัศน์วงจรปิด (CCTV) เพื่อตรวจสอบ และสั่งการแก้ไขปัญหาการจราจร,13.75187,100.64524
110,บางนา,แยกแบริ่ง,TF1-BN-01,TF1-BN-01-01,งานบำรุงรักษากล้องโทรทัศน์วงจรปิด (CCTV) เพื่อตรวจสอบ และสั่งการแก้ไขปัญหาการจราจร,13.66245,100.60256
111,บางนา,ถ.ศรีนครินทร์ ตัด ถ.บางนา ตราด,TF1-BN-02,TF1-BN-02-01,งานบำรุงรักษากล้องโทรทัศน์วงจรปิด (CCTV) เพื่อตรวจสอบ และสั่งการแก้ไขปัญหาการจราจร,13.66612,100.64437
112,หนองแขม,ถ.เพชรเกษม ตัด ถ.พุทธมณฑล 3,TF1-NK-01,TF1-NK-01-01,งานบำรุงรักษากล้องโทรทัศน์วงจรปิด (CCTV) เพื่อตรวจสอบ และสั่งการแก้ไขปัญหาการจราจร,13.70716,100.36409
113,หนองแขม,ซอยเพชรเกษม 81,TF1-NK-02,TF1-NK-02-01,งานบำรุงรักษากล้องโทรทัศน์วงจรปิด (CCTV) เพื่อตรวจสอบ และสั่งการแก้ไขปัญหาการจราจร,13.70561,100.34322
114,บางกอกน้อย,แยกบางขุนนนท์,TF1-BN-01,TF1-BN-01-01,งานบำรุงรักษากล้องโทรทัศน์วงจรปิด (CCTV) เพื่อตรวจสอบ และสั่งการแก้ไขปัญหาการจราจร,13.76394,100.47387
115,บางกอกน้อย,แยกพานิชย์ธนฯ,TF1-BN-02,TF1-BN-02-01,งานบำรุงรักษากล้องโทรทัศน์วงจรปิด (CCTV) เพื่อตรวจสอบ และสั่งการแก้ไขปัญหาการจราจร,13.74146,100.47059
116,ยานนาวา,ถ.นราธิวาส ตัด ถ.พระราม 3,TF1-YW-01,TF1-YW-01-01,งานบำรุงรักษากล้องโทรทัศน์วงจรปิด (CCTV) เพื่อตรวจสอบ และสั่งการแก้ไขปัญหาการจราจร,13.69546,100.54674
117,ยานนาวา,ถ.พระราม 3 ตัด ถ.รัชดาภิเษก,TF1-YW-02,TF1-YW-02-01,งานบำรุงรักษากล้องโทรทัศน์วงจรปิด (CCTV) เพื่อตรวจสอบ และสั่งการแก้ไขปัญหาการจราจร,13.68585,100.52076
118,ยานนาวา,ถ.พระราม 3 ตัด ถ.วงแหวนอุสาหกรรม,TF1-YW-03,TF1-YW-03-01,งานบำรุงรักษากล้องโทรทัศน์วงจรปิด (CCTV) เพื่อตรวจสอบ และสั่งการแก้ไขปัญหาการจราจร,13.67328,100.53876
119,ยานนาวา,ถ.พระราม 3 ตัด ถ.สาธุประดิษฐ์ แยกสาธุประดิษฐ์,TF1-YW-04,TF1-YW-04-01,งานบำรุงรักษากล้องโทรทัศน์วงจรปิด (CCTV) เพื่อตรวจสอบ และสั่งการแก้ไขปัญหาการจราจร,13.67918,100.52925
120,ทวีวัฒนา,ถ.บรมราชชนนี ตัด ถ.ทวีวัฒนา,TF1-TW-01,TF1-TW-01-01,งานบำรุงรักษากล้องโทรทัศน์วงจรปิด (CCTV) เพื่อตรวจสอบ และสั่งการแก้ไขปัญหาการจราจร,13.78823,100.33515
121,ทวีวัฒนา,ถ.ทวีวัฒนา ตัด ถ.อุทยาน,TF1-TW-02,TF1-TW-02-01,งานบำรุงรักษากล้องโทรทัศน์วงจรปิด (CCTV) เพื่อตรวจสอบ และสั่งการแก้ไขปัญหาการจราจร,13.77725,100.34022
122,ทวีวัฒนา,ถ.บรมราชชนนี ตัด ถ.พุทธมณฑล 2,TF1-TW-03,TF1-TW-03-01,งานบำรุงรักษากล้องโทรทัศน์วงจรปิด (CCTV) เพื่อตรวจสอบ และสั่งการแก้ไขปัญหาการจราจร,13.78432,100.39478
123,ทวีวัฒนา,ถ.เพชรเกษม ตัด ถ.ทวีวัฒนา,TF1-TW-04,TF1-TW-04-01,งานบำรุงรักษากล้องโทรทัศน์วงจรปิด (CCTV) เพื่อตรวจสอบ และสั่งการแก้ไขปัญหาการจราจร,13.70807,100.37338
124,ตลิ่งชัน,ถ.บรมราชชนนี ตัด ถ.พุทธมณฑล 1,TF1-TC-01,TF1-TC-01-01,งานบำรุงรักษากล้องโทรทัศน์วงจรปิด (CCTV) เพื่อตรวจสอบ และสั่งการแก้ไขปัญหาการจราจร,13.75338,100.42732
125,ตลิ่งชัน,ถ.บรมราชชนนี ตัด ถ.ราชพฤกษ์,TF1-TC-02,TF1-TC-02-01,งานบำรุงรักษากล้องโทรทัศน์วงจรปิด (CCTV) เพื่อตรวจสอบ และสั่งการแก้ไขปัญหาการจราจร,13.77969,100.44289
126,บางเขน,ถ.รามอินทรา ซอยรามอินทรา 39,TF1-BA-01,TF1-BA-01-01,งานบำรุงรักษากล้องโทรทัศน์วงจรปิด (CCTV) เพื่อตรวจสอบ และสั่งการแก้ไขปัญหาการจราจร,13.85747,100.62727
127,บางเขน,แยกวัชรพล (ปากทาง ถ.วัชรพล ตัด ถ.รามอินทรา),TF1-BA-02,TF1-BA-02-01,งานบำรุงรักษากล้องโทรทัศน์วงจรปิด (CCTV) เพื่อตรวจสอบ และสั่งการแก้ไขปัญหาการจราจร,13.86688,100.64654
128,หนองจอก,หน้าสำนักงานเขตหนองจอก,TR1-NC-01,TR1-NC-01-01,งานบำรุงรักษากล้องโทรทัศน์วงจรปิด (CCTV) เพื่อตรวจสอบ และสั่งการแก้ไขปัญหาการจราจร,13.85514,100.86263
129,หนองจอก,ถ.เชื่อมสัมพันธ์ ตัด ถ.สุวินทวงศ์,TR1-NC-02,TR1-NC-02-01,งานบำรุงรักษากล้องโทรทัศน์วงจรปิด (CCTV) เพื่อตรวจสอบ และสั่งการแก้ไขปัญหาการจราจร,13.8072,100.83775
130,วังทองหลาง,ถ.ประดิษฐมนูญธรรม ตัด ถ.ประชาอุทิศ (1),TF1-WL-01,TF1-WL-01-01,งานบำรุงรักษากล้องโทรทัศน์วงจรปิด (CCTV) เพื่อตรวจสอบ และสั่งการแก้ไขปัญหาการจราจร,13.76687,100.60224
131,วังทองหลาง,ถ.ลาดพร้าว ตัด ถ.ประดิษฐ์มนูธรรม,TF1-WL-02,TF1-WL-02-01,งานบำรุงรักษากล้องโทรทัศน์วงจรปิด (CCTV) เพื่อตรวจสอบ และสั่งการแก้ไขปัญหาการจราจร,13.7862,100.60898
132,วังทองหลาง,ถ.ประเสริฐมนูกิจ ตัด ถ.สุขาภิบาล 1 (แยกสวนน้ำ),TF1-WL-03,TF1-WL-03-01,งานบำรุงรักษากล้องโทรทัศน์วงจรปิด (CCTV) เพื่อตรวจสอบ และสั่งการแก้ไขปัญหาการจราจร,13.81572,100.64256
133,ดอนเมือง,ถ.ลำลูกกา ตัด ถ.พหลโยธิน,TF1-DM-01,TF1-DM-01-01,งานบำรุงรักษากล้องโทรทัศน์วงจรปิด (CCTV) เพื่อตรวจสอบ และสั่งการแก้ไขปัญหาการจราจร,13.95057,100.62218
134,ประเวศ,ถ.สุขุมวิท 77 ตัด ถ.กาญจนาภิเษก (วงแหวนรอบนอก),TF1-PW-01,TF1-PW-01-01,งานบำรุงรักษากล้องโทรทัศน์วงจรปิด (CCTV) เพื่อตรวจสอบ และสั่งการแก้ไขปัญหาการจราจร,13.72179,100.70044
135,ราชเทวี,แนวถนนจตุรทิศ (1) ระบายน้ำ,TF1-RW-01,TF1-RW-01-01,งานบำรุงรักษากล้องโทรทัศน์วงจรปิด (CCTV) เพื่อตรวจสอบ และสั่งการแก้ไขปัญหาการจราจร,13.75421,100.55874
136,ราชเทวี,แนวถนนจตุรทิศ (2) พระราม 9,TF1-RW-02,TF1-RW-02-01,งานบำรุงรักษากล้องโทรทัศน์วงจรปิด (CCTV) เพื่อตรวจสอบ และสั่งการแก้ไขปัญหาการจราจร,13.75476,100.57921
137,ราชเทวี,แนวถนนจตุรทิศ (3) KPN,TF1-RW-03,TF1-RW-03-01,งานบำรุงรักษากล้องโทรทัศน์วงจรปิด (CCTV) เพื่อตรวจสอบ และสั่งการแก้ไขปัญหาการจราจร,13.75389,100.58605
138,ราชเทวี,ถ.ราชปรารภ ตัด ถ.ศรีอยุธยา แยกหมอเหล็ง,TF1-RW-04,TF1-RW-04-01,งานบำรุงรักษากล้องโทรทัศน์วงจรปิด (CCTV) เพื่อตรวจสอบ และสั่งการแก้ไขปัญหาการจราจร,13.75613,100.54233
139,บางคอแหลม,ถ.พระราม 3 ตัด ถ.เจริญกรุง แยกถนนตก,TF1-BL-01,TF1-BL-01-01,งานบำรุงรักษากล้องโทรทัศน์วงจรปิด (CCTV) เพื่อตรวจสอบ และสั่งการแก้ไขปัญหาการจราจร,13.69733,100.49711
140,บางคอแหลม,ถ.พระราม 2 ตัด (หน้าบริเวณโรงพยาบาลบางมด),TF1-BL-02,TF1-BL-02-01,งานบำรุงรักษากล้องโทรทัศน์วงจรปิด (CCTV) เพื่อตรวจสอบ และสั่งการแก้ไขปัญหาการจราจร,13.67266,100.45635
141,บางคอแหลม,ถ.พระราม 2 ตัด ถ.บางขุนเทียน,TF1-BL-03,TF1-BL-03-01,งานบำรุงรักษากล้องโทรทัศน์วงจรปิด (CCTV) เพื่อตรวจสอบ และสั่งการแก้ไขปัญหาการจราจร,13.65635,100.4301
142,จอมทอง,ต่างระดับราชพฤกษ์ ตัด ถ.กัลปพฤกษ์,TF1-CT-01,TF1-CT-01-01,งานบำรุงรักษากล้องโทรทัศน์วงจรปิด (CCTV) เพื่อตรวจสอบ และสั่งการแก้ไขปัญหาการจราจร,13.71266,100.45928
143,จอมทอง,ถ.จอมทอง ตัด ถ.สมเด็จพระเจ้าตากสิน (ย้ายมาหน้าเขตจอมทอง),TF1-CT-02,TF1-CT-02-01,งานบำรุงรักษากล้องโทรทัศน์วงจรปิด (CCTV) เพื่อตรวจสอบ และสั่งการแก้ไขปัญหาการจราจร,13.68064,100.47173
144,บางบอน,ถ.เอกชัย ตัด ถ.บางขุนเทียน แยกบางขุนเทียน,TF1-BB-01,TF1-BB-01-01,งานบำรุงรักษากล้องโทรทัศน์วงจรปิด (CCTV) เพื่อตรวจสอบ และสั่งการแก้ไขปัญหาการจราจร,13.67367,100.42552
145,บางบอน,ถ.เอกชัย ตัด ถ.กาญจนาภิเษก (วงแหวนรอบนอก),TF1-BB-02,TF1-BB-02-01,งานบำรุงรักษากล้องโทรทัศน์วงจรปิด (CCTV) เพื่อตรวจสอบ และสั่งการแก้ไขปัญหาการจราจร,13.66318,100.40585
146,บางบอน,ถ.กัลปพฤกษ์ ตัด ถ.บางบอน 1 (แยกบางพฤกษ์),TF1-BB-03,TF1-BB-03-01,งานบำรุงรักษากล้องโทรทัศน์วงจรปิด (CCTV) เพื่อตรวจสอบ และสั่งการแก้ไขปัญหาการจราจร,13.68661,100.42607
147,บางแค,ถ.กัลปพฤกษ์ ตัด ถ.กาญจนาภิเษก (วงแหวนรอบนอก),TF1-BE-01,TF1-BE-01-01,งานบำรุงรักษากล้องโทรทัศน์วงจรปิด (CCTV) เพื่อตรวจสอบ และสั่งการแก้ไขปัญหาการจราจร,13.68212,100.40735
148,บางแค,ถ.เพชรเกษม ตัด ถ.พุทธมณฑล 2,TF1-BE-02,TF1-BE-02-01,งานบำรุงรักษากล้องโทรทัศน์วงจรปิด (CCTV) เพื่อตรวจสอบ และสั่งการแก้ไขปัญหาการจราจร,13.70972,100.39577
149,ภาษีเจริญ,ถ.เพชรเกษม ตัด ถ.พุทธมณฑล 1,TF1-PC-01,TF1-PC-01-01,งานบำรุงรักษากล้องโทรทัศน์วงจรปิด (CCTV) เพื่อตรวจสอบ และสั่งการแก้ไขปัญหาการจราจร,13.71249,100.42836
150,ภาษีเจริญ,ถ.เพชรเกษม ตัด ถ.ราชพฤกษ์,TF1-PC-02,TF1-PC-02-01,งานบำรุงรักษากล้องโทรทัศน์วงจรปิด (CCTV) เพื่อตรวจสอบ และสั่งการแก้ไขปัญหาการจราจร,13.72104,100.45824
151,เขตดินแดง,แยกดินแดง,TF-DD-01,TF-DD-01-01,งานจ้างบำรุงรักษาระบบกล้องโทรทัศน์วงจรปิด (CCTV) เพื่อการบริหารจัดการจราจรของกรุงเทพมหานคร,13.763933,100.547847
152,เขตราชเทวี,อนุสาวรีย์ชัยสมรภูมิ,TF-RW-01,TF-RW-01-01,งานจ้างบำรุงรักษาระบบกล้องโทรทัศน์วงจรปิด (CCTV) เพื่อการบริหารจัดการจราจรของกรุงเทพมหานคร,13.764712,100.539239
153,เขตพญาไท,ร.พ.พญาไท 2,TF-PY-01,TF-PY-01-01,งานจ้างบำรุงรักษาระบบกล้องโทรทัศน์วงจรปิด (CCTV) เพื่อการบริหารจัดการจราจรของกรุงเทพมหานคร,13.769826,100.540925
154,เขตจตุจักร,แยกลาดพร้าว,TF-JJ-01,TF-JJ-01-01,งานจ้างบำรุงรักษาระบบกล้องโทรทัศน์วงจรปิด (CCTV) เพื่อการบริหารจัดการจราจรของกรุงเทพมหานคร,13.808516,100.557552
155,เขตจตุจักร,แยกจันทรเกษม,TF-JJ-02,TF-JJ-02-01,งานจ้างบำรุงรักษาระบบกล้องโทรทัศน์วงจรปิด (CCTV) เพื่อการบริหารจัดการจราจรของกรุงเทพมหานคร,13.805504,100.574799
156,เขตราชเทวี,แยกศรีอยุธยา,  TF-RW-02,  TF-RW-02-01,งานจ้างบำรุงรักษาระบบกล้องโทรทัศน์วงจรปิด (CCTV) เพื่อการบริหารจัดการจราจรของกรุงเทพมหานคร,13.761596,100.525917
157,เขตดุสิต,พระรูป ร.5,TF-DS-01,TF-DS-01-01,งานจ้างบำรุงรักษาระบบกล้องโทรทัศน์วงจรปิด (CCTV) เพื่อการบริหารจัดการจราจรของกรุงเทพมหานคร,13.768064,100.511345
158,เขตดุสิต,แยกซังฮี้,TF-DS-02,TF-DS-02-01,งานจ้างบำรุงรักษาระบบกล้องโทรทัศน์วงจรปิด (CCTV) เพื่อการบริหารจัดการจราจรของกรุงเทพมหานคร,13.778269,100.508433
159,เขตบางพลัด,แยกบางพลัด,TF-BP-01,TF-BP-01-01,งานจ้างบำรุงรักษาระบบกล้องโทรทัศน์วงจรปิด (CCTV) เพื่อการบริหารจัดการจราจรของกรุงเทพมหานคร,13.784756,100.494567
160,เขตพระนคร,ผ่านพิภพลีลา,TF-PN-01,TF-PN-01-01,งานจ้างบำรุงรักษาระบบกล้องโทรทัศน์วงจรปิด (CCTV) เพื่อการบริหารจัดการจราจรของกรุงเทพมหานคร,13.757213,100.495215
161,เขตพระนคร,หลักเมือง,TF-PN-02,TF-PN-02-01,งานจ้างบำรุงรักษาระบบกล้องโทรทัศน์วงจรปิด (CCTV) เพื่อการบริหารจัดการจราจรของกรุงเทพมหานคร,13.752404,100.493634
162,เขตพระนคร,ป้อมมหากาฬ,TF-PN-03,TF-PN-03-01,งานจ้างบำรุงรักษาระบบกล้องโทรทัศน์วงจรปิด (CCTV) เพื่อการบริหารจัดการจราจรของกรุงเทพมหานคร,13.75604,100.505263
163,เขตป้อมปราบศัตรูพ่าย,แยกเอส เอ บี,TF-PP-01,TF-PP-01-01,งานจ้างบำรุงรักษาระบบกล้องโทรทัศน์วงจรปิด (CCTV) เพื่อการบริหารจัดการจราจรของกรุงเทพมหานคร,13.745634,100.505705
164,เขตบางรัก,สาทร,TF-BR-01,TF-BR-01-01,งานจ้างบำรุงรักษาระบบกล้องโทรทัศน์วงจรปิด (CCTV) เพื่อการบริหารจัดการจราจรของกรุงเทพมหานคร,13.718427,100.519354
165,เขตคลองสาน,วงเวียนใหญ่,TF-KS-01,TF-KS-01-01,งานจ้างบำรุงรักษาระบบกล้องโทรทัศน์วงจรปิด (CCTV) เพื่อการบริหารจัดการจราจรของกรุงเทพมหานคร,13.726388,100.492132
166,เขตธนบุรี,แยกมไหสวรรย์,TF-TR-01,TF-TR-01-01,งานจ้างบำรุงรักษาระบบกล้องโทรทัศน์วงจรปิด (CCTV) เพื่อการบริหารจัดการจราจรของกรุงเทพมหานคร,13.704617,100.485581
167,เขตพญาไท,สะพานควาย,TF-PY-02,TF-PY-02-01,งานจ้างบำรุงรักษาระบบกล้องโทรทัศน์วงจรปิด (CCTV) เพื่อการบริหารจัดการจราจรของกรุงเทพมหานคร,13.789851,100.548176
168,เขตวังทองหลาง ,แยกโชคชัย 4,TF-WL-01,TF-WL-01-01,งานจ้างบำรุงรักษาระบบกล้องโทรทัศน์วงจรปิด (CCTV) เพื่อการบริหารจัดการจราจรของกรุงเทพมหานคร,13.795003,100.593677
169,เขตจตุจักร,แยกเกษตร,TF-JJ-03,TF-JJ-03-01,งานจ้างบำรุงรักษาระบบกล้องโทรทัศน์วงจรปิด (CCTV) เพื่อการบริหารจัดการจราจรของกรุงเทพมหานคร,13.83979,100.57565
170,เขตบางเขน,วงเวียนหลักสี่,TF-BA-01,TF-BA-01-01,งานจ้างบำรุงรักษาระบบกล้องโทรทัศน์วงจรปิด (CCTV) เพื่อการบริหารจัดการจราจรของกรุงเทพมหานคร,13.875586,100.596491
171,เขตหลักสี่,แยกหลักสี่,TF-LS-01,TF-LS-01-01,งานจ้างบำรุงรักษาระบบกล้องโทรทัศน์วงจรปิด (CCTV) เพื่อการบริหารจัดการจราจรของกรุงเทพมหานคร,13.884191,100.581585
172,เขตจตุจักร,แยกบางเขน,TF-JJ-04,TF-JJ-04-01,งานจ้างบำรุงรักษาระบบกล้องโทรทัศน์วงจรปิด (CCTV) เพื่อการบริหารจัดการจราจรของกรุงเทพมหานคร,13.846478,100.56215
173,เขตบางซื่อ,แยกประชานุกูล,TF-BS-01,TF-BS-01-01,งานจ้างบำรุงรักษาระบบกล้องโทรทัศน์วงจรปิด (CCTV) เพื่อการบริหารจัดการจราจรของกรุงเทพมหานคร,13.830553,100.539072
174,เขตบางซื่อ,แยกประชาชื่น,TF-BS-02,TF-BS-02-01,งานจ้างบำรุงรักษาระบบกล้องโทรทัศน์วงจรปิด (CCTV) เพื่อการบริหารจัดการจราจรของกรุงเทพมหานคร,13.805594,100.533172
175,เขตบางซื่อ,แยกบางโพ,TF-BS-03,TF-BS-03-01,งานจ้างบำรุงรักษาระบบกล้องโทรทัศน์วงจรปิด (CCTV) เพื่อการบริหารจัดการจราจรของกรุงเทพมหานคร,13.806418,100.521537
176,เขตดุสิต ,แยกสะพานแดง,TF-DS-03,TF-DS-03-01,งานจ้างบำรุงรักษาระบบกล้องโทรทัศน์วงจรปิด (CCTV) เพื่อการบริหารจัดการจราจรของกรุงเทพมหานคร,13.793422,100.529958
177,เขตดุสิต,แยกเกียกกาย,TF-DS-04,TF-DS-04-01,งานจ้างบำรุงรักษาระบบกล้องโทรทัศน์วงจรปิด (CCTV) เพื่อการบริหารจัดการจราจรของกรุงเทพมหานคร,13.797144,100.521066
178,เขตพญาไท,แยกประดิพัทธ,TF-PY-03,TF-PY-03-01,งานจ้างบำรุงรักษาระบบกล้องโทรทัศน์วงจรปิด (CCTV) เพื่อการบริหารจัดการจราจรของกรุงเทพมหานคร,13.791922,100.537838
179,เขตดินแดง,แยกสุทธิสาร,TF-DD-02,TF-DD-02-01,งานจ้างบำรุงรักษาระบบกล้องโทรทัศน์วงจรปิด (CCTV) เพื่อการบริหารจัดการจราจรของกรุงเทพมหานคร,13.789165,100.56197
180,เขตบางกะปิ,บางกะปิ,TF-KP-01,TF-KP-01-01,งานจ้างบำรุงรักษาระบบกล้องโทรทัศน์วงจรปิด (CCTV) เพื่อการบริหารจัดการจราจรของกรุงเทพมหานคร,13.766476,100.647673
181,เขตบางกะปิ,แยกลำสาลี,TF-KP-02,TF-KP-02-01,งานจ้างบำรุงรักษาระบบกล้องโทรทัศน์วงจรปิด (CCTV) เพื่อการบริหารจัดการจราจรของกรุงเทพมหานคร,13.762843,100.645466
182,เขตสวนหลวง,แยกพัฒนาการ,TF-SL-01,TF-SL-01-01,งานจ้างบำรุงรักษาระบบกล้องโทรทัศน์วงจรปิด (CCTV) เพื่อการบริหารจัดการจราจรของกรุงเทพมหานคร,13.735159,100.641326
183,เขตสวนหลวง,แยกสวนหลวง,TF-SL-02,TF-SL-02-01,งานจ้างบำรุงรักษาระบบกล้องโทรทัศน์วงจรปิด (CCTV) เพื่อการบริหารจัดการจราจรของกรุงเทพมหานคร,13.712597,100.644089
184,เขตบางนา,แยกบางนา,TF-BN-01,TF-BN-01-01,งานจ้างบำรุงรักษาระบบกล้องโทรทัศน์วงจรปิด (CCTV) เพื่อการบริหารจัดการจราจรของกรุงเทพมหานคร,13.673713,100.60714
185,เขตพระโขนง,แยกพระโขนง,TF-PK-01,TF-PK-01-01,งานจ้างบำรุงรักษาระบบกล้องโทรทัศน์วงจรปิด (CCTV) เพื่อการบริหารจัดการจราจรของกรุงเทพมหานคร,13.71305,100.59411
186,เขตวัฒนา,แยกเอกมัย-สุขุม,TF-WT-01,TF-WT-01-01,งานจ้างบำรุงรักษาระบบกล้องโทรทัศน์วงจรปิด (CCTV) เพื่อการบริหารจัดการจราจรของกรุงเทพมหานคร,13.719923,100.584384
187,เขตสวนหลวง,แยกคลองตัน,TF-SL-03,TF-SL-03-01,งานจ้างบำรุงรักษาระบบกล้องโทรทัศน์วงจรปิด (CCTV) เพื่อการบริหารจัดการจราจรของกรุงเทพมหานคร,13.74221,100.601166
188,เขตบางกะปิ,รามคำแหง-พระราม 9,TF-KP-03,TF-KP-03-01,งานจ้างบำรุงรักษาระบบกล้องโทรทัศน์วงจรปิด (CCTV) เพื่อการบริหารจัดการจราจรของกรุงเทพมหานคร,13.747605,100.605913
189,เขตบางกะปิ,แยกมหาดไทย,TF-KP-04,TF-KP-04-01,งานจ้างบำรุงรักษาระบบกล้องโทรทัศน์วงจรปิด (CCTV) เพื่อการบริหารจัดการจราจรของกรุงเทพมหานคร,13.760609,100.624671
190,เขตราชเทวี,แยกอโศก-เพชร,TF-RW-03,TF-RW-03-01,งานจ้างบำรุงรักษาระบบกล้องโทรทัศน์วงจรปิด (CCTV) เพื่อการบริหารจัดการจราจรของกรุงเทพมหานคร,13.749041,100.563519
191,เขตราชเทวี,ใต้ด่วนเพชร,TF-RW-04,TF-RW-04-01,งานจ้างบำรุงรักษาระบบกล้องโทรทัศน์วงจรปิด (CCTV) เพื่อการบริหารจัดการจราจรของกรุงเทพมหานคร,13.749672,100.548582
192,เขตราชเทวี,แยกประตูน้ำ,TF-RW-05,TF-RW-05-01,งานจ้างบำรุงรักษาระบบกล้องโทรทัศน์วงจรปิด (CCTV) เพื่อการบริหารจัดการจราจรของกรุงเทพมหานคร,13.75007,100.541106
193,เขตปทุมวัน ,แยกราชประสงค์,TF-PT-01,TF-PT-01-01,งานจ้างบำรุงรักษาระบบกล้องโทรทัศน์วงจรปิด (CCTV) เพื่อการบริหารจัดการจราจรของกรุงเทพมหานคร,13.744406,100.539974
194,เขตปทุมวัน ,แยกปทุมวัน,TF-PT-02,TF-PT-02-01,งานจ้างบำรุงรักษาระบบกล้องโทรทัศน์วงจรปิด (CCTV) เพื่อการบริหารจัดการจราจรของกรุงเทพมหานคร,13.746275,100.530922
195,เขตปทุมวัน ,แยกพงษ์พระราม,TF-PT-03,TF-PT-03-01,งานจ้างบำรุงรักษาระบบกล้องโทรทัศน์วงจรปิด (CCTV) เพื่อการบริหารจัดการจราจรของกรุงเทพมหานคร,13.747899,100.52075
196,เขตดุสิต,แยกยมราช,TF-DS-05,TF-DS-05-01,งานจ้างบำรุงรักษาระบบกล้องโทรทัศน์วงจรปิด (CCTV) เพื่อการบริหารจัดการจราจรของกรุงเทพมหานคร,13.757264,100.520476
197,เขตราชเทวี,แยกตึกชัย,TF-RW-06,TF-RW-06-01,งานจ้างบำรุงรักษาระบบกล้องโทรทัศน์วงจรปิด (CCTV) เพื่อการบริหารจัดการจราจรของกรุงเทพมหานคร,13.769445,100.528637
198,เขตดุสิต,แยกพานิช,TF-DS-06,TF-DS-06-01,งานจ้างบำรุงรักษาระบบกล้องโทรทัศน์วงจรปิด (CCTV) เพื่อการบริหารจัดการจราจรของกรุงเทพมหานคร,13.763211,100.513451
199,เขตบางพลัด,แยกสิรินธร,TF-BP-02,TF-BP-02-01,งานจ้างบำรุงรักษาระบบกล้องโทรทัศน์วงจรปิด (CCTV) เพื่อการบริหารจัดการจราจรของกรุงเทพมหานคร,13.78773,100.470473
200,เขตบางพลัด,แยกบรมราชชนนี,TF-BP-03,TF-BP-03-01,งานจ้างบำรุงรักษาระบบกล้องโทรทัศน์วงจรปิด (CCTV) เพื่อการบริหารจัดการจราจรของกรุงเทพมหานคร,13.774146,100.48174
201,เขตปทุมวัน ,แยกหัวลำโพง,TF-PT-04,TF-PT-04-01,งานจ้างบำรุงรักษาระบบกล้องโทรทัศน์วงจรปิด (CCTV) เพื่อการบริหารจัดการจราจรของกรุงเทพมหานคร,13.737883,100.516287
202,เขตปทุมวัน ,แยกสามย่าน,TF-PT-05,TF-PT-05-01,งานจ้างบำรุงรักษาระบบกล้องโทรทัศน์วงจรปิด (CCTV) เพื่อการบริหารจัดการจราจรของกรุงเทพมหานคร,13.732965,100.528981
203,เขตปทุมวัน ,แยกศาลาแดง,TF-PT-06,TF-PT-06-01,งานจ้างบำรุงรักษาระบบกล้องโทรทัศน์วงจรปิด (CCTV) เพื่อการบริหารจัดการจราจรของกรุงเทพมหานคร,13.729291,100.536727
204,เขตคลองเตย,รัชดา-พระราม 4,TF-KT-01,TF-KT-01-01,งานจ้างบำรุงรักษาระบบกล้องโทรทัศน์วงจรปิด (CCTV) เพื่อการบริหารจัดการจราจรของกรุงเทพมหานคร,13.72043,100.558976
205,เขตบางรัก,แยกบางรัก,TF-BR-02,TF-BR-02-01,งานจ้างบำรุงรักษาระบบกล้องโทรทัศน์วงจรปิด (CCTV) เพื่อการบริหารจัดการจราจรของกรุงเทพมหานคร,13.722125,100.516657
206,เขตบางคอแหลม,แยกถนนตก,TF-KL-01,TF-KL-01-01,งานจ้างบำรุงรักษาระบบกล้องโทรทัศน์วงจรปิด (CCTV) เพื่อการบริหารจัดการจราจรของกรุงเทพมหานคร,13.697111,100.496872
207,เขตบางกอกใหญ่,แยกท่าพระ,TF-KY-01,TF-KY-01-01,งานจ้างบำรุงรักษาระบบกล้องโทรทัศน์วงจรปิด (CCTV) เพื่อการบริหารจัดการจราจรของกรุงเทพมหานคร,13.729599,100.474266
208,เขตบางกอกน้อย,แยกไฟฉาย,TF-KN-01,TF-KN-01-01,งานจ้างบำรุงรักษาระบบกล้องโทรทัศน์วงจรปิด (CCTV) เพื่อการบริหารจัดการจราจรของกรุงเทพมหานคร,13.754855,100.469487
209,เขตบางแค,เพชรเกษม-บางแค,TF-BE-01,TF-BE-01-01,งานจ้างบำรุงรักษาระบบกล้องโทรทัศน์วงจรปิด (CCTV) เพื่อการบริหารจัดการจราจรของกรุงเทพมหานคร,13.711588,100.420938
210,เขตราษฎร์บูรณะ,ด่วนสุขสวัสดิ์,TF-RN-01,TF-RN-01-01,งานจ้างบำรุงรักษาระบบกล้องโทรทัศน์วงจรปิด (CCTV) เพื่อการบริหารจัดการจราจรของกรุงเทพมหานคร,13.672022,100.508293
211,เขตพระนคร,ข้าวสาร,TF-PN-04,TF-PN-04-01,งานจ้างบำรุงรักษาระบบกล้องโทรทัศน์วงจรปิด (CCTV) เพื่อการบริหารจัดการจราจรของกรุงเทพมหานคร,13.759709,100.495641
212,เขตบางกอกใหญ่ ,อุโมงค์ทางลอดท่าพระ,TF-KY-02,TF-KY-02-01,งานจ้างบำรุงรักษาระบบกล้องโทรทัศน์วงจรปิด (CCTV) เพื่อการบริหารจัดการจราจรของกรุงเทพมหานคร,13.728484,100.474631
213,เขตบางพลัด,อุโมงค์ทางลอดบางพลัด,TF-BP-04,TF-BP-04-01,งานจ้างบำรุงรักษาระบบกล้องโทรทัศน์วงจรปิด (CCTV) เพื่อการบริหารจัดการจราจรของกรุงเทพมหานคร,13.784348,100.494117
214,เขตสวนหลวง,อุโมงค์ทางลอดพระราม 9,TF-SL-04,TF-SL-04-01,งานจ้างบำรุงรักษาระบบกล้องโทรทัศน์วงจรปิด (CCTV) เพื่อการบริหารจัดการจราจรของกรุงเทพมหานคร,13.741959,100.615924
215,เขตบางพลัด,สะพานพระราม 8,TF-BP-05,TF-BP-05-01,งานจ้างบำรุงรักษาระบบกล้องโทรทัศน์วงจรปิด (CCTV) เพื่อการบริหารจัดการจราจรของกรุงเทพมหานคร,13.7705,100.493843
216,เขตคลองสาน,วงเวียนใหญ่,TF-KS-02,TF-KS-02-01,งานจ้างบำรุงรักษาระบบกล้องโทรทัศน์วงจรปิด (CCTV) เพื่อการบริหารจัดการจราจรของกรุงเทพมหานคร,13.725476,100.493052
217,เขตบางเขน,อุโมงค์ลาดปลาเค้า,TF-BA-02,TF-BA-02-01,งานจ้างบำรุงรักษาระบบกล้องโทรทัศน์วงจรปิด (CCTV) เพื่อการบริหารจัดการจราจรของกรุงเทพมหานคร,13.859158,100.587127
218,เขตบางคอแหลม,สะพานพระราม 3,TF-KL-02,TF-KL-02-01,งานจ้างบำรุงรักษาระบบกล้องโทรทัศน์วงจรปิด (CCTV) เพื่อการบริหารจัดการจราจรของกรุงเทพมหานคร,13.701191,100.492527
219,เขตห้วยขวาง,พระราม 9,TF-HK-01,TF-HK-01-01,งานจ้างบำรุงรักษาระบบกล้องโทรทัศน์วงจรปิด (CCTV) เพื่อการบริหารจัดการจราจรของกรุงเทพมหานคร,13.755908,100.56477
220,เขตดินแดง,ประชาสงเคราะห์,TF-DD-03,TF-DD-03-01,งานจ้างบำรุงรักษาระบบกล้องโทรทัศน์วงจรปิด (CCTV) เพื่อการบริหารจัดการจราจรของกรุงเทพมหานคร,13.760548,100.554969
221,เขตบางพลัด,อรุณอัมรินทร์,TF-BP-06,TF-BP-06-01,งานจ้างบำรุงรักษาระบบกล้องโทรทัศน์วงจรปิด (CCTV) เพื่อการบริหารจัดการจราจรของกรุงเทพมหานคร,13.76854,100.48599
222,เขตจตุจักร,กำแพงเพชร 3,TF-JJ-05,TF-JJ-05-01,งานจ้างบำรุงรักษาระบบกล้องโทรทัศน์วงจรปิด (CCTV) เพื่อการบริหารจัดการจราจรของกรุงเทพมหานคร,13.814556,100.558941
223,เขตหลักสี่,แจ้งวัฒนะ 14,TF-LS-02,TF-LS-02-01,งานจ้างบำรุงรักษาระบบกล้องโทรทัศน์วงจรปิด (CCTV) เพื่อการบริหารจัดการจราจรของกรุงเทพมหานคร,13.893072,100.560902
224,เขตดินแดง,ประชาสงเคราะห์ 24,TF-DD-04,TF-DD-04-01,งานจ้างบำรุงรักษาระบบกล้องโทรทัศน์วงจรปิด (CCTV) เพื่อการบริหารจัดการจราจรของกรุงเทพมหานคร,13.775546,100.563896
225,เขตดุสิต,วิชัยยุทธ,TF-DS-07,TF-DS-07-01,งานจ้างบำรุงรักษาระบบกล้องโทรทัศน์วงจรปิด (CCTV) เพื่อการบริหารจัดการจราจรของกรุงเทพมหานคร,13.780067,100.533104
226,เขตพญาไท,แยกสะพานควาย,TF-PY-04,TF-PY-04-01,งานจ้างบำรุงรักษาระบบกล้องโทรทัศน์วงจรปิด (CCTV) เพื่อการบริหารจัดการจราจรของกรุงเทพมหานคร,13.789401,100.548146
227,เขตพญาไท,สนามเป้า,TF-PY-05,TF-PY-05-01,งานจ้างบำรุงรักษาระบบกล้องโทรทัศน์วงจรปิด (CCTV) เพื่อการบริหารจัดการจราจรของกรุงเทพมหานคร,13.771665,100.541672
228,เขตสวนหลวง,ซีคอนสแควร์,TF-SL-05,TF-SL-05-01,งานจ้างบำรุงรักษาระบบกล้องโทรทัศน์วงจรปิด (CCTV) เพื่อการบริหารจัดการจราจรของกรุงเทพมหานคร,13.694824,100.64738
229,เขตคลองเตย,สุขุมวิท 55,TF-KT-02,TF-KT-02-01,งานจ้างบำรุงรักษาระบบกล้องโทรทัศน์วงจรปิด (CCTV) เพื่อการบริหารจัดการจราจรของกรุงเทพมหานคร,13.723474,100.579477
230,เขตพระโขนง,สุขุมวิท 62,TF-PK-02,TF-PK-02-01,งานจ้างบำรุงรักษาระบบกล้องโทรทัศน์วงจรปิด (CCTV) เพื่อการบริหารจัดการจราจรของกรุงเทพมหานคร,13.695807,100.605936
231,เขตบางกะปิ,หน้าม.รามคำแหง,TF-KP-05,TF-KP-05-01,งานจ้างบำรุงรักษาระบบกล้องโทรทัศน์วงจรปิด (CCTV) เพื่อการบริหารจัดการจราจรของกรุงเทพมหานคร,13.759256,100.617943
232,เขตบางกะปิ,แม็คโครบางกะปิ,TF-KP-06,TF-KP-06-01,งานจ้างบำรุงรักษาระบบกล้องโทรทัศน์วงจรปิด (CCTV) เพื่อการบริหารจัดการจราจรของกรุงเทพมหานคร,13.769025,100.640136
233,เขตวัฒนา,คลองบางกะปิ,TF-WT-02,TF-WT-02-01,งานจ้างบำรุงรักษาระบบกล้องโทรทัศน์วงจรปิด (CCTV) เพื่อการบริหารจัดการจราจรของกรุงเทพมหานคร,13.748268,100.569294
234,เขตบางรัก,สวนพลู 1(ศรีไทย),TF-BR-03,TF-BR-03-01,งานจ้างบำรุงรักษาระบบกล้องโทรทัศน์วงจรปิด (CCTV) เพื่อการบริหารจัดการจราจรของกรุงเทพมหานคร,13.722626,100.536955
235,เขตบางรัก,สวนพลู 2(บ้านเลขที่460),TF-BR-04,TF-BR-04-01,งานจ้างบำรุงรักษาระบบกล้องโทรทัศน์วงจรปิด (CCTV) เพื่อการบริหารจัดการจราจรของกรุงเทพมหานคร,13.720218,100.537919
236,เขตปทุมวัน ,หน้าสนามกีฬาแห่งชาติ,TF-PT-07,TF-PT-07-01,งานจ้างบำรุงรักษาระบบกล้องโทรทัศน์วงจรปิด (CCTV) เพื่อการบริหารจัดการจราจรของกรุงเทพมหานคร,13.746499,100.528581
237, เขตสาธร,เซนต์หลุยส์ 3,TF-ST-01,TF-ST-01-01,งานจ้างบำรุงรักษาระบบกล้องโทรทัศน์วงจรปิด (CCTV) เพื่อการบริหารจัดการจราจรของกรุงเทพมหานคร,13.706289,100.526804
238,เขตบางแค,วงแหวนเพชรเกษม,TF-BE-02,TF-BE-02-01,งานจ้างบำรุงรักษาระบบกล้องโทรทัศน์วงจรปิด (CCTV) เพื่อการบริหารจัดการจราจรของกรุงเทพมหานคร,13.710375,100.403509
